运城市城市综合管理服务立案、处置和结案标准（部件）,Unnamed: 1,Unnamed: 2,Unnamed: 3,Unnamed: 4,Unnamed: 5,Unnamed: 6,Unnamed: 7,Unnamed: 8,Unnamed: 9,Unnamed: 10,Unnamed: 11
大类代码,大类名称,小类代码,小类名称,立案条件,处置时限,结案条件,监管主体,责任主体,法律法规依据,法律法规具体条款,采集要求
01,公用设施,01,上水井盖,缺失、移位、开裂，存在安全隐患的,2紧急工作时,恢复,运城市城市管理局、盐湖区政府、运城市经济开发区,运城市城市节约用水中心、各产权单位,"《城市道路管理条例》颁布单位：国务院，2019年3月24日修订；
","《城市道路管理条例》第二十三条，设在城市道路上的各类管线的检查井、箱盖或者城市道路附属设施，应当符合城市道路养护规范。因缺损影响交通和安全时，有关产权单位应当及时补缺或者修复。
","1.现场有井盖的须拍清井盖标识，如无法判断、核实，按照本大类中不明井盖小类进行采集。
2.因道路整治后路面提高造成的整条道路井盖沉降不采集。"
,,,,破损超过25c㎡,4工作时,更换或修复,,,,,
,,,,弹跳产生声响，翻盖明显影响安全,2工作日,更换或修复,,,,,
,,,,"井盖周边路面150cm×150cm范围内出现深陷、凸起或破损,井框与路面高低差大于2cm",5工作日,修复,,,,,
,,02,污水井盖,缺失、移位、开裂，存在安全隐患的,2紧急工作时,恢复,运城市城市管理局、盐湖区政府、运城市经济开发区,运城市排水服务中心、各产权单位,"《城市道路管理条例》颁布单位：国务院，2019年3月24日修订；
","《城市道路管理条例》第二十三条，设在城市道路上的各类管线的检查井、箱盖或者城市道路附属设施，应当符合城市道路养护规范。因缺损影响交通和安全时，有关产权单位应当及时补缺或者修复。
","1.现场有井盖的须拍清井盖标识，如无法判断、核实，按照本大类中不明井盖小类进行采集。
2.因道路整治后路面提高造成的整条道路井盖沉降不采集。"
,,,,破损超过25c㎡,4工作时,更换或修复,,,,,
,,,,弹跳产生声响，翻盖明显影响安全,2工作日,更换或修复,,,,,
,,,,"井盖周边路面150cm×150cm范围内出现深陷、凸起或破损,井框与路面高低差大于2cm",5工作日,修复,,,,,
,,03,雨水井盖,缺失、移位、开裂，存在安全隐患的,2紧急工作时,恢复,运城市城市管理局、盐湖区政府、运城市经济开发区,运城市排水服务中心、各产权单位,"《城市道路管理条例》颁布单位：国务院，2019年3月24日修订；
","《城市道路管理条例》第二十三条，设在城市道路上的各类管线的检查井、箱盖或者城市道路附属设施，应当符合城市道路养护规范。因缺损影响交通和安全时，有关产权单位应当及时补缺或者修复。
","1.现场有井盖的须拍清井盖标识，如无法判断、核实，按照本大类中不明井盖小类进行采集。
2.因道路整治后路面提高造成的整条道路井盖沉降不采集。"
,,,,破损超过25c㎡,4工作时,更换或修复,,,,,
,,,,弹跳产生声响，翻盖明显影响安全,2工作日,更换或修复,,,,,
,,,,"井盖周边路面150cm×150cm范围内出现深陷、凸起或破损,井框与路面高低差大于2cm",5工作日,修复,,,,,
,,04,雨水箅子,缺失、移位、开裂，存在安全隐患的,2紧急工作时,恢复,运城市城市管理局、盐湖区政府、运城市经济开发区,运城市排水服务中心、各产权单位,"《城市道路管理条例》颁布单位：国务院，2019年3月24日修订；
","《城市道路管理条例》第二十三条，设在城市道路上的各类管线的检查井、箱盖或者城市道路附属设施，应当符合城市道路养护规范。因缺损影响交通和安全时，有关产权单位应当及时补缺或者修复。
","1.现场有井盖的须拍清井盖标识，如无法判断、核实，按照本大类中不明井盖小类进行采集。
2.因道路整治后路面提高造成的整条道路井盖沉降不采集。"
,,,,破损超过25c㎡,4工作时,更换或修复,,,,,
,,,,弹跳产生声响，翻盖明显影响安全,2工作日,更换或修复,,,,,
,,,,"井盖周边路面150cm×150cm范围内出现深陷、凸起或破损,井框与路面高低差大于2cm",5工作日,修复,,,,,
,,,,堵塞面积达1/3以上,1工作日,疏通,,,,,
01,公用设施,06,路灯井盖,缺失、移位、开裂，存在安全隐患的,2紧急工作时,围护、消除安全隐患,运城市城市管理局、盐湖区政府、运城市经济开发区,运城市市政公用服务中心、各产权单位,"《城市道路管理条例》颁布单位：国务院，2019年3月24日修订；
","《城市道路管理条例》第二十三条，设在城市道路上的各类管线的检查井、箱盖或者城市道路附属设施，应当符合城市道路养护规范。因缺损影响交通和安全时，有关产权单位应当及时补缺或者修复。
","1.现场有井盖的须拍清井盖标识，如无法判断、核实，按照本大类中不明井盖小类进行采集。
2.因道路整治后路面提高造成的整条道路井盖沉降不采集。"
,,,,破损超过25c㎡,1工作日,更换或修复,,,,,
,,,,弹跳产生声响，翻盖明显影响安全,2工作日,更换或修复,,,,,
,,,,"井盖周边路面150cm×150cm范围内出现深陷、凸起或破损,井框与路面高低差大于2cm",5工作日,修复,,,,,
,,10,热力井盖,缺失、移位、开裂，存在安全隐患的,2紧急工作时,恢复,运城市城市管理局、盐湖区政府、运城市经济开发区,运城市城市集中供热供气服务中心、各产权单位,"《城市道路管理条例》颁布单位：国务院，2019年3月24日修订；
","《城市道路管理条例》第二十三条，设在城市道路上的各类管线的检查井、箱盖或者城市道路附属设施，应当符合城市道路养护规范。因缺损影响交通和安全时，有关产权单位应当及时补缺或者修复。
第四十二条
违反本条例第二十七条规定，或者有下列行为之一的，由市政工程行政主管部门或者其他有关部门责令限期改正，可以处以2万元以下的罚款；造成损失的，应当依法承担赔偿责任：
　　（一）未对设在城市道路上的各种管线的检查井、箱盖或者城市道路附属设施的缺损及时补缺或者修复的；
　　（二）未在城市道路施工现场设置明显标志和安全防围设施的；
　　（三）占用城市道路期满或者挖掘城市道路后，不及时清理现场的；
　　（四）依附于城市道路建设各种管线、杆线等设施，不按照规定办理批准手续的；
　　（五）紧急抢修埋设在城市道路下的管线，不按照规定补办批准手续的；
　　（六）未按照批准的位置、面积、期限占用或者挖掘城市道路，或者需要移动位置、扩大面积、延长时间，未提前办理变更审批手续的。
","1.现场有井盖的须拍清井盖标识，如无法判断、核实，按照本大类中不明井盖小类进行采集。
2.因道路整治后路面提高造成的整条道路井盖沉降不采集。"
,,,,破损超过25c㎡,4工作时,更换或修复,,,,,
,,,,弹跳产生声响，翻盖明显影响安全,2工作日,更换或修复,,,,,
,,,,"井盖周边路面150cm×150cm范围内出现深陷、凸起或破损,井框与路面高低差大于2cm",5工作日,修复,,,,,
,,11,燃气井盖,缺失、移位、开裂，存在安全隐患的,2紧急工作时,恢复,运城市城市管理局、盐湖区政府、运城市经济开发区,运城市城市集中供热供气服务中心、各产权单位,"《城市道路管理条例》颁布单位：国务院，2019年3月24日修订；
","《城市道路管理条例》第二十三条，设在城市道路上的各类管线的检查井、箱盖或者城市道路附属设施，应当符合城市道路养护规范。因缺损影响交通和安全时，有关产权单位应当及时补缺或者修复。
第四十二条
违反本条例第二十七条规定，或者有下列行为之一的，由市政工程行政主管部门或者其他有关部门责令限期改正，可以处以2万元以下的罚款；造成损失的，应当依法承担赔偿责任：
　　（一）未对设在城市道路上的各种管线的检查井、箱盖或者城市道路附属设施的缺损及时补缺或者修复的；
　　（二）未在城市道路施工现场设置明显标志和安全防围设施的；
　　（三）占用城市道路期满或者挖掘城市道路后，不及时清理现场的；
　　（四）依附于城市道路建设各种管线、杆线等设施，不按照规定办理批准手续的；
　　（五）紧急抢修埋设在城市道路下的管线，不按照规定补办批准手续的；
　　（六）未按照批准的位置、面积、期限占用或者挖掘城市道路，或者需要移动位置、扩大面积、延长时间，未提前办理变更审批手续的。
","1.现场有井盖的须拍清井盖标识，如无法判断、核实，按照本大类中不明井盖小类进行采集。
2.因道路整治后路面提高造成的整条道路井盖沉降不采集。"
,,,,破损超过25c㎡,4工作时,更换或修复,,,,,
,,,,弹跳产生声响，翻盖明显影响安全,2工作日,更换或修复,,,,,
,,,,"井盖周边路面150cm×150cm范围内出现深陷、凸起或破损,井框与路面高低差大于2cm",5工作日,修复,,,,,
,,14,园林井盖,缺失、移位、开裂，存在安全隐患的,2紧急工作时,恢复,运城市城市管理局,运城市园林绿化服务中心、各产权单位,"《城市道路管理条例》颁布单位：国务院，2019年3月24日修订；
","《城市道路管理条例》第二十三条，设在城市道路上的各类管线的检查井、箱盖或者城市道路附属设施，应当符合城市道路养护规范。因缺损影响交通和安全时，有关产权单位应当及时补缺或者修复。
","1.现场有井盖的须拍清井盖标识，如无法判断、核实，按照本大类中不明井盖小类进行采集。
2.因道路整治后路面提高造成的整条道路井盖沉降不采集。"
,,,,破损超过25c㎡,4工作时,更换或修复,,,,,
,,,,弹跳产生声响，翻盖明显影响安全,2工作日,更换或修复,,,,,
,,,,"井盖周边路面150cm×150cm范围内出现深陷、凸起或破损,井框与路面高低差大于2cm",5工作日,修复,,,,,
01,公用设施,18,化粪池井盖,缺失、移位、开裂，存在安全隐患的,2紧急工作时,恢复,运城市城市管理局、盐湖区政府、运城市经济开发区,运城市市容环卫中心、各产权单位,"《城市道路管理条例》颁布单位：国务院，2019年3月26日修订；
","《城市道路管理条例》第二十三条，设在城市道路上的各类管线的检查井、箱盖或者城市道路附属设施，应当符合城市道路养护规范。因缺损影响交通和安全时，有关产权单位应当及时补缺或者修复。
","1.现场有井盖的须拍清井盖标识，如无法判断、核实，按照本大类中不明井盖小类进行采集。
2.因道路整治后路面提高造成的整条道路井盖沉降不采集。"
,,,,破损超过25c㎡,4工作时,更换或修复,,,,,
,,,,弹跳产生声响，翻盖明显影响安全,2工作日,更换或修复,,,,,
,,,,"井盖周边路面150cm×150cm范围内出现深陷、凸起或破损,井框与路面高低差大于2cm",5工作日,修复,,,,,
,,23,不明井盖,缺失、移位、开裂，存在安全隐患的,2紧急工作时,恢复,盐湖区政府,所属街办、属地行政执法部门,"《城市道路管理条例》颁布单位：国务院，2019年3月24日修订；
","《城市道路管理条例》第二十三条，设在城市道路上的各类管线的检查井、箱盖或者城市道路附属设施，应当符合城市道路养护规范。因缺损影响交通和安全时，有关产权单位应当及时补缺或者修复。
","1.现场有井盖的须拍清井盖标识，如无法判断、核实，按照本大类中不明井盖小类进行采集。
2.因道路整治后路面提高造成的整条道路井盖沉降不采集。"
,,,,破损超过25c㎡,4工作时,更换或修复,,,,,
,,,,弹跳产生声响，翻盖明显影响安全,2工作日,更换或修复,,,,,
,,,,"井盖周边路面150cm×150cm范围内出现深陷、凸起或破损,井框与路面高低差大于2cm",5工作日,修复,,,,,
,,25,供水器,漏水、,2紧急工作时,止水,运城市城市管理局、盐湖区政府、运城市经济开发区,运城市城市节约用水中心、运城市园林绿化服务中心、运城市市容环卫中心、各产权单位,"1、《中华人民共和国城市供水条例》颁布单位：国务院，2020年3月27日修订；
2、《山西省城市供水和节约用水管理条例》颁布单位：山西省人大，2000年1月18日；
","1、《中华人民共和国城市供水条例》第二十七条，城市自来水供水企业和自建设施供水的企业对其管理的城市供水的专用水库、引水渠道、取水口、泵站、井群、输(配)水管网、进户总水表、净 (配)水厂、公用水站等设施，应当定期检查维修，确保安全运行。第三十三条，城市自来水供水企业或者自建设施对外供水的企业有下列行为之一的，由城市供水行政主管部门责令改正，可以处以罚款。情节严重的，报经县级以上人民政府批准，可以停业整顿。对负有直接责任的主管人员和其他直接责任人员，其所在单位或者上级机关可以予以行政处分：(一)供水水质、水压不符合国家规定标准的；(二)擅自停止供水或者未履行停水通知义务的；(三)未按照规定检修供水设施或者在供水设施发生故障后未及时抢修的。
2、《山西省城市供水和节约用水管理条例》第三十二条，城市公共供水单位负责从取水口至结算水表的公共供水设施的管理和维护，包括用水单位和个人自行建设与公共供水管道连接的并按照有关规定办理产权移交手续的管道及其附属设施的管理和维护。从结算水表至用水单位和个人的供水设施，由产权所有者负责管理和维护",严重锈蚀、外观不洁不超过三分之一不采集
,,,,破损、严重锈蚀,2工作日,更换或修复,,,,,
,,,,外观不洁,4工作时,清洁,,,,,
,,,,废弃,5工作日,拆除并恢复路面,,,,,
,,26,沟槽盖板,缺失、移位、开裂，存在安全隐患的,4紧急工作时,更换或修复,运城市城市管理局、盐湖区政府、运城市经济开发区,运城市园林绿化服务中心、运城市市容环卫中心、运城市排水服务中心、运城市市政公用服务中心、及各产权单位,"《城市道路管理条例》颁布单位：国务院，2019年3月24日修订；
","《城市道路管理条例》第二十三条，设在城市道路上的各类管线的检查井、箱盖或者城市道路附属设施，应当符合城市道路养护规范。因缺损影响交通和安全时，有关产权单位应当及时补缺或者修复。
",沟槽盖踩踏板翘起或弹跳后盖板未整体高出路面3CM不采集
,,,,破损超过25c㎡,1工作日,更换或修复,,,,,
,,27,通讯交接箱,箱门、锁具缺失、损坏，箱体及附属设施破损、缺失、倾斜、倒伏、锈蚀明显,2工作日,更换或修复,运城市工信局,中国联合网络通信集团有限公司、中国移动通信集团分公司、中国电信集团有限分公司、各产权单位,1、《城市道路管理条例》颁布单位：国务院，2019年3月24日修订；2.《山西省通信设施建设与保护条例》颁布单位：山西省人大，2016年12月1日修订,"1.《城市道路管理条例》第二十三条，设在城市道路上的各类管线的检查井、箱盖或者城市道路附属设施，应 有关产权单位应当及时补缺或者修复 
2.《山西省通信设施建设与保护条例》第二十条，通信设施所有权人应当对通信设施采取必要的安全保护措 施，消除安全隐患，落实安全保护责任，完善应急预 案，提升通信设施安全运行保障能力。通信设施所有权 人应当定期检查、检修和维护通信设施，在通信设施或 通信设施所有权人进入放置通信设施的场者围墙、栅栏等处设置警示标识，标明所有权人、警示所进行正常维护和管理活动的，相关单位和个人应当予以配合","1.严重锈蚀、外观不洁不超过三分之一不采集
2.张贴“小广告”以事件中宣传广告大类里的“非法小广告”小类采集
3.有编号或标识牌须拍清;无编号或标识牌拍清通讯交接箱背景参照物"
,,,,外观不洁,1工作日,清洁,,,,,
,,,,门未关闭,1工作日,恢复,,,,,
,,,,废弃,5工作日,拆除、恢复路面,,,,,
01,公用设施,28,电力设施,电力设施或附属设施破损、缺失、变形、倾斜、护栏破损、锈蚀明显等,4工作日,更换或修复,国网供电部门、盐湖区政府,运城市电力公司、各产权单位,1.《城市市容和环境卫生管理条例》颁布单位：国务院，2017年3月1日修订           2.《山西省电力设施保护条例》颁布单位：山西省人大，2014年9月1日施行,"1.《城市市容和环境卫生管理条例》第十二条，城市中的市政公用设施，应当与周围环境相协调，并维护和保持设施完好、整洁。第三十七条，凡不符合城市容貌标准、环境卫生标准的建筑物或者设施，由城市人民政府市容环境卫生行政主管部门会同城市规划行政主管部门，责令有关单位和个人限期改造或者拆除；逾期未改造或者未拆除的，经县级以上人民政府批准，由城市人民政府市容环境卫生行政主管部门或者城市规划行政主管部门组织强制拆除，并可处以罚款
2.《山西省电力设施保护条例》第六条，电力设施所有权人应当建立健全安全管理和保卫制度，保证相关资金投入，落实技术、设备、人员等防范措施，按照有关规范对电力设施进行巡视、维护、检修，消除隐患，保障电力设施安全运行","1.严重锈蚀、外观不洁不超过三分之一不采集
2.张贴“小广告”以事件中宣传广告大类里的“非法小广告”小类采集
3.有编号或标识牌须拍清;无编号或标识牌拍清电力设施背景参照物"
,,,,门未关闭,1工作日,恢复,,,,,
,,,,外观不洁， 存在积灰、污渍、污物、蛛网等,1工作日,清洁,,,,,
,,,,废弃,5工作日,拆除、恢复路面,,,,,
,,29,电力设施标识牌,破损、缺失、倾斜、变形、锈蚀明显、内容有误,2工作日,更换或修复,国网供电部门、盐湖区政府,运城市电力公司、各产权单位,1.《城市市容和环境卫生管理条例》颁布单位：国务院，2017年3月1日修订           2.《山西省电力设施保护条例》颁布单位：山西省人大，2014年9月1日施行,"1.《城市市容和环境卫生管理条例》第十二条，城市中的市政公用设施，应当与周围环境相协调，并维护和保持设施完好、整洁。第三十七条，凡不符合城市容貌标准、环境卫生标准的建筑物或者设施，由城市人民政府市容环境卫生行政主管部门会同城市规划行政主管部门，责令有关单位和个人限期改造或者拆除；逾期未改造或者未拆除的，经县级以上人民政府批准，由城市人民政府市容环境卫生行政主管部门或者城市规划行政主管部门组织强制拆除，并可处以罚款
2.《山西省电力设施保护条例》第六条，电力设施所有权人应当建立健全安全管理和保卫制度，保证相关资金投入，落实技术、设备、人员等防范措施，按照有关规范对电力设施进行巡视、维护、检修，消除隐患，保障电力设施安全运行。第十一条，电力管理部门应当按照有关规定设立统一的电力设施安全标志和电力线路保护区标志，并保持标志的完好有效，电力设施所有权人应当予以配合。任何单位和个人不得擅自移动、损毁电力设施安全标志和电力线路保护区标志",轻微卷边、划痕、脏污、锈蚀等不采集
,,,,外观不洁，存在积灰、污渍、污物、蛛网等,1工作日,清洁,,,,,
,,30,电力立杆,倒地、倾斜,2工作日,更换或恢复,国网供电部门、盐湖区政府,运城市电力公司、各产权单位,"1.《电力设施保护条》颁布单位:国务院，2011年1月8日修订
2.《山西省电力设施保护条例》颁布单位:山西省人大2014年9月1日施行","1.《电力设施保护条例》第二条，本条例适用于中华人民共和国境内已建或在建的电力设施(包括发电设施、变电设施和电力线路设施及其有关辅助设施，下同)。第四条，电力企业应加强对电力设施的保护工作
2.《山西省电力设施保护条例》第六条，电力设施所有权人应当建立健全安全管理和保卫制度，保证相关资金投入，落实技术、设备、人员等防范措施，按照有关规范对电力设施进行巡视、维护、检修，消除隐患，保障电力设施安全运行",1.有斜拉线的线杆倾斜不采集                              2.外观不洁不超过杆体的三分之一不采集                                  3.有安全隐患的做警示
,,,,严重锈蚀、损坏,5工作日,更换或修复,,,,,
,,,,外观不洁,1工作日,清洁,,,,,
,,,,废弃,5工作日,拆除、恢复路面,,,,,
,,31,通信立杆,倾斜（存在安全隐患）、倒伏、折断,4紧急工作时,消除安全隐患、修复或拆除,通信管理部门,联通公司、移动公司、电信公司、广电网络公司、各产权单位,1.《城市市容和环境卫生管理条例》颁布单位：国务院，2017年3月1日修订           2.《山西省通信设施建设与保护条例》颁布单位：山西省人大，2016年9月30日施行,"1.《城市市容和环境卫生管理条例》第十二条，城市中的市政公用设施，应当与周围环境相协调，并维护和保持设施完好、整洁。第三十七条，凡不符合城市容貌标准、环境卫生标准的建筑物或者设施，由城市人民政府市容环境卫生行政主管部门会同城市规划行政主管部门，责令有关单位和个人限期改造或者拆除；逾期未改造或者未拆除的，经县级以上人民政府批准，由城市人民政府市容环境卫生行政主管部门或者城市规划行政主管部门组织强制拆除，并可处以罚款
2.《山西省通信设施建设与保护条例》第二十条，通信设施所有权人应当定期检查、检修和维护通信设施，在通信设施或者围墙、栅栏等处设置警示标识，标明所有权人、警示内容等信息。通信设施所有权人进入放置通信设施的场所进行正常维护和管理活动的，相关单位和个人应当予以配合",1.有斜拉线的线杆倾斜不采集                              2.外观不洁不超过杆体的三分之一不采集              3.有安全隐患的做警示
,,,,破损、锈蚀明显,5工作日,更换或修复,,,,,
,,,,外观不洁，存在积灰、污渍、污物、蛛网等,1工作日,清洁,,,,,
,,,,废弃,5工作日,拆除、 恢复路面,,,,,
,,37,路灯,倾斜、倒地、折断,1工作日,更换、修复或拆除,运城市城市管理局、盐湖区政府、运城市经济开发区,运城市市政公用服务中心、各产权单位,"1、《城市市容和环境卫生管理条例》颁布单位：国务院，2017年3月1日修订。2、《城市照明管理规定》颁布单位：住建部，2010年7月1日；
","1、《城市市容和环境卫生管理条例》第十二条，城市中的市政公用设施，应当与周围环境相协调，并维护和保持设施完好、整洁。第三十七条，凡不符合城市容貌标准、环境卫生标准的建筑物或者设施，由城市人民政府市容环境卫生行政主管部门会同城市规划行政主管部门，责令有关单位和个人限期改造或者拆除，逾期未改造或者未拆除的，经县级以上人民政府批准，由城市人民政府市容环境卫生行政主管部门或者城市规划行政主管部门组织强制拆除，并可处以罚款。2、《城市照明管理规定》第二十一条，城市照明主管部门应当建立健全各项规章制度，加强对城市照明设施的监管，保证城市照明设施的完好和正常运行。第二十二条城市照明设施的管理和维护，应当符合有关标准规范。
","
1.同一视野范围内多个或整体外观不洁按一条案卷采集；
2.多杆路灯缺亮或整条路路灯都不亮以一条案卷采集"
,,,,破损、缺失、电线裸露,1工作日,更换或修复,,,,,
,,,,单盏不亮,2工作日,更换或修复,,,,,
,,,,严重锈蚀,2工作日,清洁、修复,,,,,
,,,,未按规定时间启闭,2工作时,纠正,,,,,
,,,,废弃、遗留残桩,3工作日,清除,,,,,
,,38,地灯,破损、缺失,2工作日,更换或修复,运城市城市管理局、盐湖区政府、运城市经济开发区,运城市市政公用服务中心、运城市园林绿化服务中心、各产权单位,"1、《城市市容和环境卫生管理条例》颁布单位：国务院，2017年3月1日修订。2、《城市照明管理规定》颁布单位：住建部，2010年7月1日；
","1、《城市市容和环境卫生管理条例》第十二条，城市中的市政公用设施，应当与周围环境相协调，并维护和保持设施完好、整洁。第三十七条，凡不符合城市容貌标准、环境卫生标准的建筑物或者设施，由城市人民政府市容环境卫生行政主管部门会同城市规划行政主管部门，责令有关单位和个人限期改造或者拆除，逾期未改造或者未拆除的，经县级以上人民政府批准，由城市人民政府市容环境卫生行政主管部门或者城市规划行政主管部门组织强制拆除，并可处以罚款。2、《城市照明管理规定》第二十一条，城市照明主管部门应当建立健全各项规章制度，加强对城市照明设施的监管，保证城市照明设施的完好和正常运行。第二十二条城市照明设施的管理和维护，应当符合有关标准规范。
","1.规律性亮灯（含全部不亮）不采集
2.同一视野范围内多灯缺亮或整条地灯都不亮以一条案卷采集"
,,,,缺亮,2工作日,修复,,,,,
,,,,未按规定时间启闭,2工作时,纠正,,,,,
,,,,废弃,3工作日,清除,,,,,
,,39,景观灯,倒地、倾斜、折断,1工作日,更换、修复或拆除,运城市城市管理局、盐湖区政府、运城市经济开发区,运城市市政公用服务中心、运城市园林绿化服务中心、各产权单位,"1、《城市市容和环境卫生管理条例》颁布单位：国务院，2017年3月1日修订。2、《城市照明管理规定》颁布单位：住建部，2010年7月1日；
","1、《城市市容和环境卫生管理条例》第十二条，城市中的市政公用设施，应当与周围环境相协调，并维护和保持设施完好、整洁。第三十七条，凡不符合城市容貌标准、环境卫生标准的建筑物或者设施，由城市人民政府市容环境卫生行政主管部门会同城市规划行政主管部门，责令有关单位和个人限期改造或者拆除，逾期未改造或者未拆除的，经县级以上人民政府批准，由城市人民政府市容环境卫生行政主管部门或者城市规划行政主管部门组织强制拆除，并可处以罚款。2、《城市照明管理规定》第二十一条，城市照明主管部门应当建立健全各项规章制度，加强对城市照明设施的监管，保证城市照明设施的完好和正常运行。第二十二条城市照明设施的管理和维护，应当符合有关标准规范。
","1.规律性亮灯（含全部不亮）不采集
2.同一视野范围内多灯缺亮或整条地灯都不亮以一条案卷采集"
,,,,破损、缺失,2工作日,修复,,,,,
,,,,严重锈蚀,2工作日,清洁、修复,,,,,
,,,,缺亮,3工作日,修复,,,,,
,,,,未按规定时间启闭,2工作时,纠正,,,,,
,,,,外观不洁,1工作日,清洁,,,,,
,,,,废弃、遗留残桩,3工作日,清除,,,,,
,,40,报刊亭,亭身及附属设施破损、缺失、锈蚀明显,2工作日,更换或修复,报业集团、邮政管理部门,各报业企业、各邮政企业、各产权单位,1.《中华人民共和国邮政法》颁布单位：全国人大，2015年4月24日修正                      2.《城市市容和环境卫生管理条例》颁布单位：国务院，2017年3月1日修正,"1.《中华人民共和国邮政法》第十三条，邮政企业应当对其设置的邮政设施进行经常性维护，保证邮政设施的正常使用
2.《城市市容和环境卫生管理条例》第十二条，城市中的市政公用设施，应当与周围环境相协调，并维护和保持设施完好、整洁。第三十七条。凡不符合城市容貌标准、环境卫生标准的建筑物或者设施，由城市人民政府市容环境卫生行政主管部门会同城市规划行政主管部门，责令有关单位和个人限期改造或者拆除；逾期未改造或者未拆除的，经县级以上人民政府批准，由城市人民政府市容环境卫生行政主管部门或者城市规划行政主管部门组织强制拆除，并可处以罚款",1.外观不洁不超过杆体的三分之一不采集            2.报刊亭张贴“小广告”以事件中宣传广告大类里的“非法小广告”小类采集
,,,,外观不洁，存在积灰、污渍、污物、蛛网等,1工作日,清洁,,,,,
,,,,废弃,7工作日,拆除,,,,,
,,45,自动售货机,倒地、倾斜,1工作日,恢复,运城市城市管理局、盐湖区政府、运城市经济开发区,运城市园林绿化服务中心、各产权单位,"《城市市容和环境卫生管理条例》颁布单位：国务院，2017年3月1日修正；
","1、《城市市容和环境卫生管理条例》第十二条，城市中的市政公用设施，应当与周围环境相协调，并维护和保持设施完好、整洁。
2、《城市市容和环境卫生管理条例》第三十七条，凡不符合城市容貌标准、环境卫生标准的建筑物或者设施，由城市人民政府市容环境卫生行政主管部门会同城市规划行政主管部门，责令有关单位和个人限期改造或者拆除；逾期未改造或者未拆除的，经县级以上人民政府批准，由城市人民政府市容环境卫生行政主管部门或者城市规划行政主管部门组织强制拆除，并可处以罚款。
","1.严重锈蚀、外观不洁不超过各面板的三分之一不采集
2.只采集公园、广场内"
,,,,破损、缺失、严重锈蚀,5工作日,修复,,,,,
,,,,外观不洁,1工作日,清洁,,,,,
,,,,废弃、遗留残桩,3工作日,清除,,,,,
01,公用设施,46,户外健身设施,倒地、倾斜,1工作日,更换或恢复,运城市城市管理局、运城市体育局,运城市园林绿化服务中心、各产权单位,"1、《公共文化体育设施条例》颁布单位：国务院，2003年8月1日施行；
2、《山西省体育设施条例》颁布单位：山西省人大，2010年11月26日；
","1、《公共文化体育设施条例》第二十五条，公共文化体育设施管理单位应当建立、健全安全管理制度，依法配备安全保护设施、人员，保证公共文化体育设施的完好，确保公众安全。
2、《山西省体育设施条例》第十七条，体育设施应当符合国家规定的安全技术标准。体育设施管理单位应当定期保养、维修体育设施，确保其正常使用。公众应当遵守体育活动场所的秩序，爱护体育设施，不得损坏体育设施。
",严重锈蚀、外观不洁不超过各面板的三分之一不采集
,,,,破损、缺失、严重锈蚀,5工作日,修复,,,,,
,,,,外观不洁,1工作日,清洁,,,,,
,,,,废弃、遗留残桩,3工作日,清除,,,,,
,,49,燃气调压站（箱）,倒地、倾斜,1工作日,更换或恢复,运城市城市管理局、盐湖区政府、运城市经济开发区,运城市城市集中供热供气服务中心、各产权单位,"1、《城镇燃气管理条例》颁布单位：国务院，2016年2月6日修改；
2、《山西省燃气管理条例》颁布单位：山西省人大，2000年9月27工作日
","1、《城镇燃气管理条例》第十九条，管道燃气经营者对其供气范围内的市政燃气设施、建筑区划内业主专有部分以外的燃气设施，承担运行、维护、抢修和更新改造的责任。管道燃气经营者应当按照供气、用气合同的约定，对单位燃气用户的燃气设施承担相应的管理责任。第三十五条，燃气经营者应当按照国家有关工程建设标准和安全生产管理的规定，设置燃气设施防腐、绝缘、防雷、降压、隔离等保护装置和安全警示标志，定期进行巡查、检测、维修和维护，确保燃气设施的安全运行。
2、《山西省燃气管理条例》第三十三条燃气生产、销售企业应当在燃气的调压站、气化站、汽车加气站、液化石油气瓶库等重要燃气设施建筑物上设置醒目的、统一的安全识别标志，并采取相应的安全保障措施。任何单位和个人都有维护燃气设施安全的义务，发现燃气设施损坏和燃气泄漏应当立即报告燃气销售企业和有关部门。任何单位和个人不得擅自移动、覆盖、拆除或者损坏燃气设施的安全识别标志。
","严重锈蚀、外观不洁不超过各面板的三分之一不采集
"
,,,,破损、缺失、严重锈蚀,2工作日,更换或修复,,,,,
,,,,外观不洁,1工作日,清洁,,,,,
,,,,废弃,3工作日,拆除,,,,,
,,50,监控电子眼,倾斜、倒地、折断,1工作日,更换或恢复,运城市城市管理局、运城市公安局、运城市环保局、盐湖区政府、运城市经济开发区,运城市市政公用服务中心、运城市园林绿化服务中心、运城市智慧城市管理平台服务中心、各产权单位,"《公共安全视频图像信息系统管理条例（征求意见稿）》颁布单位：公安部，2016年11月28日；
","《公共安全视频图像信息系统管理条例（征求意见稿）》第四条，【主管机关】国务院公安部门负责全国公共安全视频图像信息系统建设、使用的监督管理工作。县级以上地方人民政府公安机关负责本行政区域内公共安全视频图像信息系统建设、使用的监督管理工作。
",严重锈蚀、外观不洁不超过各面板的三分之一不采集
,,,,破损、缺失、严重锈蚀、电线裸露,3工作日,更换或修复,,,,,
,,,,外观不洁,1工作日,清洁,,,,,
,,,,废弃、遗留残桩,3工作日,清除,,,,,
,,51,岗亭（治安亭）,破损、缺失,5工作日,修复,运城市城市管理局、运城市公安局、盐湖区政府,运城市园林绿化服务中心、所属街办、属地行政执法部门,"《城市市容和环境卫生管理条例》颁布单位：国务院，2017年3月1日修正；
","《城市市容和环境卫生管理条例》第十二条，城市中的市政公用设施，应当与周围环境相协调，并维护和保持设施完好、整洁。第三十七条，凡不符合城市容貌标准、环境卫生标准的建筑物或者设施，由城市人民政府市容环境卫生行政主管部门会同城市规划行政主管部门，责令有关单位和个人限期改造或者拆除；逾期未改造或者未拆除的，经县级以上人民政府批准，由城市人民政府市容环境卫生行政主管部门或者城市规划行政主管部门组织强制拆除，并可处以罚款。
",严重锈蚀、外观不洁不超过各面板的三分之一不采集
,,,,外观不洁,1工作日,清洁,,,,,
,,,,废弃,7工作日,清除,,,,,
,,52,休息亭,破损、缺失、严重锈蚀,5工作日,修复,运城市城市管理局、盐湖区政府、运城市经济开发区,运城市园林绿化服务中心、运城市市容环卫中心、各产权单位,"《城市市容和环境卫生管理条例》颁布单位：国务院，2017年3月1日修正；
","《城市市容和环境卫生管理条例》第十二条，城市中的市政公用设施，应当与周围环境相协调，并维护和保持设施完好、整洁。第三十七条，凡不符合城市容貌标准、环境卫生标准的建筑物或者设施，由城市人民政府市容环境卫生行政主管部门会同城市规划行政主管部门，责令有关单位和个人限期改造或者拆除；逾期未改造或者未拆除的，经县级以上人民政府批准，由城市人民政府市容环境卫生行政主管部门或者城市规划行政主管部门组织强制拆除，并可处以罚款。
",严重锈蚀、外观不洁不超过各面板的三分之一不采集
,,,,外观不洁,1工作日,清洁,,,,,
,,,,废弃,7工作日,清除,,,,,
,,54,充电站（桩）,未经审批私设充电站（桩）,2工作日,拆除,运城市城市管理局、国家电网、能源局,市容秩序科、各产权单位,《城市市容和环境卫生管理条例》颁布单位：国务院，2017年3月1日修正；,"1、《城市市容和环境卫生管理条例》第十二条，城市中的市政公用设施，应当与周围环境相协调，并维护和保持设施完好、整洁。
2、《城市市容和环境卫生管理条例》第三十七条，凡不符合城市容貌标准、环境卫生标准的建筑物或者设施，由城市人民政府市容环境卫生行政主管部门会同城市规划行政主管部门，责令有关单位和个人限期改造或者拆除；逾期未改造或者未拆除的，经县级以上人民政府批准，由城市人民政府市容环境卫生行政主管部门或者城市规划行政主管部门组织强制拆除，并可处以罚款。
",轻微划痕、脏污、锈蚀等不采集
,,,,充电桩及附属设施损坏、缺失、倾斜、倒地、变形,5工作日,修复,,,,,
,,,,外观不洁,1工作日,清洁,,,,,
,,,,废弃,10工作日,拆除,,,,,
01,公用设施,57,露天燃气管道,设施破损、缺失、严重锈蚀,3工作日,更换或修复,运城市城市管理局、盐湖区政府、运城市经济开发区,运城市城市集中供热供气服务中心、各产权单位,"1、《城镇燃气管理条例》颁布单位：国务院，2016年2月6日修改；2、《中华人民共和国石油天然气管道保护法》颁布单位，全国人大，2010年10月1日施行。3、《山西省燃气管理条例》颁布单位：山西省人大，2000年9月27工作日；

","1、《城镇燃气管理条例》第十九条，管道燃气经营者对其供气范围内的市政燃气设施、建筑区划内业主专有部分以外的燃气设施，承担运行、维护、抢修和更新改造的责任。管道燃气经营者应当按照供气、用气合同的约定，对单位燃气用户的燃气设施承担相应的管理责任。第三十五条，燃气经营者应当按照国家有关工程建设标准和安全生产管理的规定，设置燃气设施防腐、绝缘、防雷、降压、隔离等保护装置和安全警示标志，定期进行巡查、检测、维修和维护，确保燃气设施的安全运行。
2、《中华人民共和国石油天然气管道保护法》第十七条，穿跨越水利工程、防洪设施、河道、航道、铁路、公路、港口、电力设施、通信设施、市政设施的管道的建设，应当遵守本法和有关法律、行政法规，执行国家技术规范的强制性要求。第十八条，管道企业应当按照国家技术强制要求在管道沿线设置管道标志。管道标志毁损或者安全警示不清的，管道企业应当及时修复或者更新。3、《山西省燃气管理条例》第三十三条，燃气生产、销售企业应当在燃气的调压站、气化站、汽车加气站、液化石油气瓶库等重要燃气设施建筑物上设置醒目的、统一的安全识别标志，并采取相应的安全保障措施。任何单位和个人都有维护燃气设施安全的义务，发现燃气设施损坏和燃气泄漏应当立即报告燃气销售企业和有关部门。任何单位和个人不得擅自移动、覆盖、拆除或者损坏燃气设施的安全识别标志。
",管道破裂以事件中突发事件大类里的燃气管道破裂小类采集
,,,,外观不洁,4工作时,清洁,,,,,
02,道路交通设施,01,停车场,场地破损、坑洼,5工作日,修复,运城市城市管理局、发改委、市场监管局、公安局、盐湖区政府、运城市经济开发区,各产权单位、运城市城市管理局市容秩序科、运城市园林绿化服务中心、所属街办、属地行政执法部门,"1、《中华人民共和国道路交通安全法》颁布单位：全国人大，2011年5月1日施行；
2、《城市道路管理条例》颁布单位：国务院，2019年3月24日修订；
3、《城市市容和环境卫生管理条例》颁布单位：国务院，2017年3月1日修正","1、《中华人民共和国道路交通安全法》第二十九条，道路、停车场和道路配套设施的规划、设计、建设，应当符合道路交通安全、畅通的要求，并根据交通需求及时调整。
2、《城市道路管理条例》第二十三条，设在城市道路上的各类管线的检查井、箱盖或者城市道路附属设施，应当符合城市道路养护规范。因缺损影响交通和安全时，有关产权单位应当及时补缺或者修复。
3、《城市市容和环境卫生管理条例》第十二条，城市中的市政公用设施，应当与周围环境相协调，并维护和保持设施完好、整洁。",轻微划痕、脏污、锈蚀等不采集
,,,,未经审批私设停车场,2工作日,拆除,,,,,
,,,,附属设施破损、缺失、严重锈蚀,3工作日,修复或更换,,,,,
,,,,环境脏乱,1工作日,清洁,,,,,
,,04,公交站亭（牌）,站亭及附属设施倾倒、倾斜、折断,1工作日,恢复或更换,运城市城市管理局、运城市交通运输部门,运城市市政公用服务中心、运城市市容环卫中心、运城市城市管理综合行政执法队、运城市公交公司,"1、《道路旅客运输及客运站管理规定》颁布单位，交通运输部，2020年9月1日施行
2、《城市市容和环境卫生管理条例》颁布单位：国务院，2017年3月1日修正","1、《道路旅客运输及客运站管理规定》第六十九条，客运站经营者应当维护好各种设施、设备，保持其正常使用。
2、《城市市容和环境卫生管理条例》第十二条，城市中的市政公用设施，应当与周围环境相协调，并维护和保持设施完好、整洁。",轻微划痕、脏污、锈蚀等不采集
,,,,站亭及附属设施破损、缺失、变形、严重锈蚀,5工作日,修复或更换,,,,,
,,,,路面破损、坑洼不平,5工作日,修复,,,,,
,,,,广告画面破损、内容错误,3工作日,更换,,,,,
,,,,广告画面脱落、玻璃框未闭合,1工作日,修复或更换,,,,,
,,,,外观不洁,1工作日,清洁,,,,,
,,,,废弃,7工作日,拆除、 恢复路面,,,,,
02,交通设施,06,过街天桥,桥体损坏、沉降、变形,5工作日,围护、修复,运城市城市管理局、盐湖区政府、运城市经济开发区,运城市市政公用服务中心、运城市市容环卫中心、各产权单位,"1、《城市桥梁检测和养护维修管理办法》颁布单位：建设部，2004年1月1日施行；
2、《城市道路管理条例》颁布单位：国务院，2019年3月24日修订；
3、《城市市容和环境卫生管理条例》颁布单位：国务院，2017年3月1日修正","1、《城市桥梁检测和养护维修管理办法》第四条，城市桥梁产权人或者委托管理人，负责对其所有的或者受托管理的城市桥梁进行检测和养护维修。
2、《城市道路管理条例》第二条，本条例所称城市道路，是指城市供车辆、行人通行的，具备一定技术条件的道路、桥梁及其附属设施。第二十一条，市政工程行政主管部门负责对养护、维修工程的质量进行监督检查，保障城市道路完好。第二十二条，市政工程行政主管部门组织建设和管理的道路，由其委托的城市道路养护、维修单位负责养护、维修。单位投资建设和管理的道路，由投资建设的单位或者其委托的单位负责养护、维修。城市住宅小区、开发区内的道路，由建设单位或者其委托的单位负责养护、维修。
3、《城市市容和环境卫生管理条例》第十二条，城市中的市政公用设施，应当与周围环境相协调，并维护和保持设施完好、整洁。第三十七条凡不符合城市容貌标准、环境卫生标准的建筑物或者设施，由城市人民政府市容环境卫生行政主管部门会同城市规划行政主管部门，责令有关单位和个人限期改造或者拆除；逾期未改造或者未拆除的，经县级以上人民政府批准，由城市人民政府市容环境卫生行政主管部门或者城市规划行政主管部门组织强制拆除，并可处以罚款。",轻微划痕、脏污、锈蚀等不采集
,,,,护栏破损、缺失、变形，锈蚀明显, 5工作日,修复或更换,,,,,
,,,,桥面、台阶破损、坑洼,3工作日,修复,,,,,
,,,,桥面积水,4工作时,清理,,,,,
,,,,灯具破损、缺亮,3工作日,修复,,,,,
,,,,附属设施破损、缺失,5工作日,修复或更换,,,,,
,,,,外观不洁,1工作日,清洁,,,,,
,,07,地下通道,大面积积水，阻碍通行,2紧急工作时,抽排,运城市城市管理局、运城市住房和城乡建设局,运城市市政公用服务中心、运城市市容环卫中心、各产权单位,"1、《城市道路管理条例》颁布单位：国务院，2019年3月24日修订；
2、《城市市容和环境卫生管理条例》颁布单位：国务院，2017年3月1日修正","1、《城市道路管理条例》第二条，本条例所称城市道路，是指城市供车辆、行人通行的，具备一定技术条件的道路、桥梁及其附属设施。第二十一条，市政工程行政主管部门负责对养护、维修工程的质量进行监督检查，保障城市道路完好。第二十二条，市政工程行政主管部门组织建设和管理的道路，由其委托的城市道路养护、维修单位负责养护、维修。单位投资建设和管理的道路，由投资建设的单位或者其委托的单位负责养护、维修。城市住宅小区、开发区内的道路，由建设单位或者其委托的单位负责养护、维修。
2、《城市市容和环境卫生管理条例》第十二条，城市中的市政公用设施，应当与周围环境相协调，并维护和保持设施完好、整洁。第三十七条凡不符合城市容貌标准、环境卫生标准的建筑物或者设施，由城市人民政府市容环境卫生行政主管部门会同城市规划行政主管部门，责令有关单位和个人限期改造或者拆除；逾期未改造或者未拆除的，经县级以上人民政府批准，由城市人民政府市容环境卫生行政主管部门或者城市规划行政主管部门组织强制拆除，并可处以罚款。","生活垃圾以事件中市容环境大类里暴露垃圾小类采集
"
,,,,地面破损、坑洼,5工作日,修复,,,,,
,,,,标志牌破损、缺失、内容错误,2工作日,修复,,,,,
,,,,附属设施破损、缺失,1工作日,更换或修复,,,,,
,,,,灯具缺损、缺亮,2工作日,修复,,,,,
,,,,环境脏污,1工作日,清洗,,,,,
,,08,立交桥,桥体损坏、沉降、变形,5工作日,围护、修复,运城市城市管理局、盐湖区政府、运城市经济开发区,运城市市政公用服务中心、运城市市容环卫中心、各产权单位,"1、《城市桥梁检测和养护维修管理办法》颁布单位：建设部，2004年1月1日施行；
2、《城市道路管理条例》颁布单位：国务院，2019年3月24日修订；
3、《城市市容和环境卫生管理条例》颁布单位：国务院，2017年3月1日修正","1、《城市桥梁检测和养护维修管理办法》第四条，城市桥梁产权人或者委托管理人，负责对其所有的或者受托管理的城市桥梁进行检测和养护维修。
2、《城市道路管理条例》第二条，本条例所称城市道路，是指城市供车辆、行人通行的，具备一定技术条件的道路、桥梁及其附属设施。第二十一条，市政工程行政主管部门负责对养护、维修工程的质量进行监督检查，保障城市道路完好。第二十二条，市政工程行政主管部门组织建设和管理的道路，由其委托的城市道路养护、维修单位负责养护、维修。单位投资建设和管理的道路，由投资建设的单位或者其委托的单位负责养护、维修。城市住宅小区、开发区内的道路，由建设单位或者其委托的单位负责养护、维修。
3、《城市市容和环境卫生管理条例》第十二条，城市中的市政公用设施，应当与周围环境相协调，并维护和保持设施完好、整洁。第三十七条凡不符合城市容貌标准、环境卫生标准的建筑物或者设施，由城市人民政府市容环境卫生行政主管部门会同城市规划行政主管部门，责令有关单位和个人限期改造或者拆除；逾期未改造或者未拆除的，经县级以上人民政府批准，由城市人民政府市容环境卫生行政主管部门或者城市规划行政主管部门组织强制拆除，并可处以罚款。",轻微划痕、脏污、锈蚀等不采集
,,,,附属设施破损、缺失、变形、腐蚀明显,5工作日,修复或更换,,,,,
,,,,桥面破损,5工作日,修复,,,,,
,,,,桥面积水,4工作时,清理,,,,,
,,,,灯具破损、缺亮,2工作日,修复,,,,,
,,,,外观不洁,1工作日,清洁,,,,,
,,09,跨河桥,桥体损坏、裂缝、沉降、变形,3工作日,围栏、修复,运城市城市管理局,运城市市政公用服务中心、运城市市容环卫中心、各产权单位,"1、《城市桥梁检测和养护维修管理办法》颁布单位：建设部，2004年1月1日施行；
2、《城市道路管理条例》颁布单位：国务院，2019年3月24日修订；
3、《城市市容和环境卫生管理条例》颁布单位：国务院，2017年3月1日修正","1、《城市桥梁检测和养护维修管理办法》第四条，城市桥梁产权人或者委托管理人，负责对其所有的或者受托管理的城市桥梁进行检测和养护维修。
2、《城市道路管理条例》第二条，本条例所称城市道路，是指城市供车辆、行人通行的，具备一定技术条件的道路、桥梁及其附属设施。第二十一条，市政工程行政主管部门负责对养护、维修工程的质量进行监督检查，保障城市道路完好。第二十二条，市政工程行政主管部门组织建设和管理的道路，由其委托的城市道路养护、维修单位负责养护、维修。单位投资建设和管理的道路，由投资建设的单位或者其委托的单位负责养护、维修。城市住宅小区、开发区内的道路，由建设单位或者其委托的单位负责养护、维修。
3、《城市市容和环境卫生管理条例》第十二条，城市中的市政公用设施，应当与周围环境相协调，并维护和保持设施完好、整洁。",1.结构性损坏、垮塌现象上报案卷后，要及时向中心打电话告知现场的具体情况                           2.桥体裂缝（宽度大于3mm）、沉降（面积大于0.01平方米，深度大于20mm）采集                       3.桥上路面损坏、下沉、坑槽以本大类中“车行道”、“人行道”小类采集，路面塌陷以事件中突发事件大类里“路面塌陷”小类采集                                                              4.桥上路面不洁以事件中市容环境大类里“道路不洁”小类采集                                                5.与桥体连接在一起的护栏属桥梁配套设施，以本大类中此小类第2个立案条件采集                                                            6.桥上的路灯以部件中市政公用设施大类里“路灯”小类采集
,,,,附属设施损坏、倾斜、变形、锈蚀明显,5工作日,修复、喷粉、粉刷,,,,,
,,,,外观不洁， 存在积灰、污渍、污物、蛛网等,1工作日,清洁,,,,,
02,交通设施,11,限高架（杆）,倾倒、倾斜、折断,4紧急工作时,消除隐患,运城市城市管理局、运城市交通运输部门、盐湖区政府、运城市经济开发区,运城市市政公用服务中心、各产权单位,"1、《城市道路管理条例》颁布单位：国务院，2019年3月24日修订；
2、《城市市容和环境卫生管理条例》颁布单位：国务院，2017年3月1日修正
3、《中华人民共和国道路交通安全法》","1、《城市道路管理条例》第二十三条，设在城市道路上的各类管线的检查井、箱盖或者城市道路附属设施，应当符合城市道路养护规范。因缺损影响交通和安全时，有关产权单位应当及时补缺或者修复。
2、《城市市容和环境卫生管理条例》第十二条，城市中的市政公用设施，应当与周围环境相协调，并维护和保持设施完好、整洁。
3、《中华人民共和国道路交通安全法》第二十八条
任何单位和个人不得擅自设置、移动、占用、损毁交通信号灯、交通标志、交通标线。
道路两侧及隔离带上种植的树木或者其他植物，设置的广告牌、管线等，应当与交通设施保持必要的距离，不得遮挡路灯、交通信号灯、交通标志，不得妨碍安全视距，不得影响通行。
第二十九条
道路、停车场和道路配套设施的规划、设计、建设，应当符合道路交通安全、畅通的要求，并根据交通需求及时调整。
公安机关交通管理部门发现已经投入使用的道路存在交通事故频发路段，或者停车场、道路配套设施存在交通安全严重隐患的，应当及时向当地人民政府报告，并提出防范交通事故、消除隐患的建议，当地人民政府应当及时作出处理决定。
第三十条
道路出现坍塌、坑漕、水毁、隆起等损毁或者交通信号灯、交通标志、交通标线等交通设施损毁、灭失的，道路、交通设施的养护部门或者管理部门应当设置警示标志并及时修复。",轻微划痕、脏污、锈蚀等不采集
,,,,主体及附属设施破损、严重锈蚀,5工作日,修复或更换,,,,,
,,,,标识牌缺失、内容错误,3工作日,修复或更换,,,,,
,,,,外观不洁,1工作日,清洁,,,,,
,,,,废弃、遗留残桩,5工作日,清除,,,,,
,,12,路名牌,倾倒、倾斜、折断,3工作日,恢复或更换,运城市城市管理局、运城市民政局、运城市公安局、盐湖区政府,运城市市政公用服务中心、地名管理部门、所属街办、属地行政执法部门,"1、《地名管理条例实施细则》颁布单位：国务院，2003年11月24日施行；2、《山西省地名管理办法》颁布单位：山西省政府，1997年5月22日实施；
3、《城市市容和环境卫生管理条例》颁布单位：国务院，2017年3月1日修正","1、《地名管理条例实施细则》第二十六条，地名标志的设置和管理，由当地地名管理部门负责。其中街、巷、楼、门牌统一由地名主管部门管理，条件尚不成熟的地方，地名主管部门应积极取得有关部门的配合，共同做好标志的管理工作，逐步实现统一管理，专业部门使用的具有地名意义的名称标志，由地名管理部门协调有关专业部门设置和管理。2、《山西省地名管理办法》第十七条，行政区域界位、街巷、楼群（含 楼、门号码）、居民区、自然村、道路、桥梁、纪念地、浏览地、台、站、港、场以及重要自然地理实体等必要的地方应当设置地名负责；专业部门使用的具有地名意义的名称标志，由有关专业部门设置和管理。
3、《城市市容和环境卫生管理条例》第十二条，城市中的市政公用设施，应当与周围环境相协调，并维护和保持设施完好、整洁。第三十七条凡不符合城市容貌标准、环境卫生标准的建筑物或者设施，由城市人民政府市容环境卫生行政主管部门会同城市规划行政主管部门，责令有关单位和个人限期改造或者拆除；逾期未改造或者未拆除的，经县级以上人民政府批准，由城市人民政府市容环境卫生行政主管部门或者城市规划行政主管部门组织强制拆除，并可处以罚款。",轻微卷边、划痕、脏污、锈蚀等不采集
,,,,破损、缺失、严重锈蚀,3工作日,修复或更换,,,,,
,,,,内容错误、指向错误,2工作日,更换,,,,,
,,,,外观不洁,1工作日,清洁,,,,,
,,,,废弃、遗留残桩,5工作日,清除,,,,,
,,17,交通护栏,移位、排列明显不整齐、锈蚀明显,1工作日,修复或更换,运城市公安局、运城市城市管理局、盐湖区政府,运城市市政公用服务中心、运城市市容环卫中心、运城市公安交通管理部门,"1、《中华人民共和国道路交通安全法》颁布单位：全国人大，2011年5月1日施行；
2、《城市道路管理条例》颁布单位：国务院，2019年3月24日修订；
3、《城市市容和环境卫生管理条例》颁布单位：国务院，2017年3月1日修正","1、《中华人民共和国道路交通安全法》第三十条，交通信号灯、交通标志、交通标线等交通设施损毁、灭失的，道路、交通设施的养护部门或者管理部门应当设置警示标志并及时修复。
2、《城市道路管理条例》第二十三条，设在城市道路上的各类管线的检查井、箱盖或者城市道路附属设施，应当符合城市道路养护规范。因缺损影响交通和安全时，有关产权单位应当及时补缺或者修复。
3、《城市市容和环境卫生管理条例》第十二条，城市中的市政公用设施，应当与周围环境相协调，并维护和保持设施完好、整洁。",新建道路还未安装、修路等原因已拆除现象不采集。
,,,,破损、变形,3工作日,修复或更换,,,,,
,,,,外观不洁，存在积灰、污渍、蛛网等,1工作日,清洁,,,,,
,,,,废弃、遗留残桩,5工作日,清除,,,,,
02,交通设施,19,渠化岛,路面破损、坑洼不平,5工作日,修复,运城市城市管理局、运城市住房保障和城乡建设管理局、盐湖区政府,运城市市政公用服务中心、运城市市容环卫中心、运城市园林绿化服务中心、所属街办、属地行政执法部门,"1、《中华人民共和国道路交通安全法》颁布单位：全国人大，2011年5月1日施行；
2、《城市市容和环境卫生管理条例》颁布单位：国务院，2017年3月1日修正
3、《城市道路管理条例》由国务院于1996年6月4日发布，自1996年10月1日起施行。","1、《中华人民共和国道路交通安全法》第二十八条任何单位和个人不得擅自设置、移动、占用、损毁交通信号灯、交通标志、交通标线。道路两侧及隔离带上种植的树木或者其他植物，设置的广告牌、管线等，应当与交通设施保持必要的距离，不得遮挡路灯、交通信号灯、交通标志，不得妨碍安全视距，不得影响通行。第三十条道路出现坍塌、坑漕、水毁、隆起等损毁或者交通信号灯、交通标志、交通标线等交通设施损毁、灭失的，道路、交通设施的养护部门或者管理部门应当设置警示标志并及时修复。
2、《城市市容和环境卫生管理条例》第十二条，城市中的市政公用设施，应当与周围环境相协调，并维护和保持设施完好、整洁。第三十七条凡不符合城市容貌标准、环境卫生标准的建筑物或者设施，由城市人民政府市容环境卫生行政主管部门会同城市规划行政主管部门，责令有关单位和个人限期改造或者拆除；逾期未改造或者未拆除的，经县级以上人民政府批准，由城市人民政府市容环境卫生行政主管部门或者城市规划行政主管部门组织强制拆除，并可处以罚款。
3、《城市道路管理条例》第二十一条承担城市道路养护、维修的单位，应当严格执行城市道路养护、维修的技术规范，定期对城市道路进行养护、维修，确保养护、维修工程的质量。
市政工程行政主管部门负责对养护、维修工程的质量进行监督检查，保障城市道路完好。",轻微卷边、划痕、锈蚀等不采集
,,,,附属设施破损、缺失,2工作日,修复,,,,,
,,,,设施外观不洁,1工作日,清洁,,,,,
,,,,植株长势不良、枯死，影响景观效果,2工作日,修剪、清理或更换,,,,,
,,20,人行横道桩,倾倒、倾斜、变形,3工作日,恢复,运城市城市管理局、运城市公安局,运城市市政公用服务中心、运城市公安交通管理部门、各产权单位,"1、《中华人民共和国道路交通安全法》颁布单位：全国人大，2011年5月1日施行；
2、《城市市容和环境卫生管理条例》颁布单位：国务院，2017年3月1日修正
3、《城市道路管理条例》由国务院于1996年6月4日发布，自1996年10月1日起施行。","1、《中华人民共和国道路交通安全法》第二十八条任何单位和个人不得擅自设置、移动、占用、损毁交通信号灯、交通标志、交通标线。道路两侧及隔离带上种植的树木或者其他植物，设置的广告牌、管线等，应当与交通设施保持必要的距离，不得遮挡路灯、交通信号灯、交通标志，不得妨碍安全视距，不得影响通行。第二十九条道路、停车场和道路配套设施的规划、设计、建设，应当符合道路交通安全、畅通的要求，并根据交通需求及时调整。
公安机关交通管理部门发现已经投入使用的道路存在交通事故频发路段，或者停车场、道路配套设施存在交通安全严重隐患的，应当及时向当地人民政府报告，并提出防范交通事故、消除隐患的建议，当地人民政府应当及时作出处理决定。第三十条道路出现坍塌、坑漕、水毁、隆起等损毁或者交通信号灯、交通标志、交通标线等交通设施损毁、灭失的，道路、交通设施的养护部门或者管理部门应当设置警示标志并及时修复。2、《城市市容和环境卫生管理条例》第十二条，城市中的市政公用设施，应当与周围环境相协调，并维护和保持设施完好、整洁。第三十七条凡不符合城市容貌标准、环境卫生标准的建筑物或者设施，由城市人民政府市容环境卫生行政主管部门会同城市规划行政主管部门，责令有关单位和个人限期改造或者拆除；逾期未改造或者未拆除的，经县级以上人民政府批准，由城市人民政府市容环境卫生行政主管部门或者城市规划行政主管部门组织强制拆除，并可处以罚款。3、《城市道路管理条例》第二十一条承担城市道路养护、维修的单位，应当严格执行城市道路养护、维修的技术规范，定期对城市道路进行养护、维修，确保养护、维修工程的质量。
市政工程行政主管部门负责对养护、维修工程的质量进行监督检查，保障城市道路完好。",轻微划痕、脏污、锈蚀等不采集
,,,,破损、缺失、严重锈蚀,3工作日,修复或更换,,,,,
,,,,外观不洁,1工作日,清洁,,,,,
,,,,废弃、遗留残桩,2工作日,清除,,,,,
02,交通设施,21,便道桩,倾倒、倾斜、变形,3工作日,恢复,运城市城市管理局、盐湖区政府、运城市经济开发区,运城市市政公用服务中心、各产权单位,"1、《中华人民共和国道路交通安全法》颁布单位：全国人大，2011年5月1日施行；
2、《城市市容和环境卫生管理条例》颁布单位：国务院，2017年3月1日修正
3、《城市道路管理条例》由国务院于1996年6月4日发布，自1996年10月1日起施行。","1、《中华人民共和国道路交通安全法》第二十八条任何单位和个人不得擅自设置、移动、占用、损毁交通信号灯、交通标志、交通标线。道路两侧及隔离带上种植的树木或者其他植物，设置的广告牌、管线等，应当与交通设施保持必要的距离，不得遮挡路灯、交通信号灯、交通标志，不得妨碍安全视距，不得影响通行。第二十九条道路、停车场和道路配套设施的规划、设计、建设，应当符合道路交通安全、畅通的要求，并根据交通需求及时调整。
公安机关交通管理部门发现已经投入使用的道路存在交通事故频发路段，或者停车场、道路配套设施存在交通安全严重隐患的，应当及时向当地人民政府报告，并提出防范交通事故、消除隐患的建议，当地人民政府应当及时作出处理决定。第三十条道路出现坍塌、坑漕、水毁、隆起等损毁或者交通信号灯、交通标志、交通标线等交通设施损毁、灭失的，道路、交通设施的养护部门或者管理部门应当设置警示标志并及时修复。
2、《城市市容和环境卫生管理条例》第十二条，城市中的市政公用设施，应当与周围环境相协调，并维护和保持设施完好、整洁。第三十七条凡不符合城市容貌标准、环境卫生标准的建筑物或者设施，由城市人民政府市容环境卫生行政主管部门会同城市规划行政主管部门，责令有关单位和个人限期改造或者拆除；逾期未改造或者未拆除的，经县级以上人民政府批准，由城市人民政府市容环境卫生行政主管部门或者城市规划行政主管部门组织强制拆除，并可处以罚款。
3、《城市道路管理条例》第二十一条承担城市道路养护、维修的单位，应当严格执行城市道路养护、维修的技术规范，定期对城市道路进行养护、维修，确保养护、维修工程的质量。
市政工程行政主管部门负责对养护、维修工程的质量进行监督检查，保障城市道路完好。",轻微划痕、脏污、锈蚀等不采集
,,,,破损、缺失、严重锈蚀,3工作日,修复或更换,,,,,
,,,,外观不洁,1工作日,清洁,,,,,
,,,,废弃、遗留残桩,2工作日,清除,,,,,
,,24,道路隔音屏,倾倒、倾斜,3工作日,恢复,运城市城市管理局,运城市市政公用服务中心、各产权单位,"1、《中华人民共和国环境噪声污染防治法》颁布单位：全国人大，2018年12月29日修正；
2、《城市道路管理条例》颁布单位：国务院2019年3月24日修订；
3、《城市市容和环境卫生管理条例》颁布单位：国务院，2017年3月1日修正","1、《中华人民共和国环境噪声污染防治法》第三十六条，建设经过已有的噪声敏感建筑物集中区域的高速公路和城市高架、轻轨道路，有可能造成环境噪声污染的，应当设置声屏障或者采取其他有效的控制环境噪声污染的措施。
2、《城市道路管理条例》第二十三条，设在城市道路上的各类管线的检查井、箱盖或者城市道路附属设施，应当符合城市道路养护规范。因缺损影响交通和安全时，有关产权单位应当及时补缺或者修复。
3、《城市市容和环境卫生管理条例》第十二条，城市中的市政公用设施，应当与周围环境相协调，并维护和保持设施完好、整洁。",对存在安全隐患的问题，要求处置部门1紧急工作时到达现场并做围挡，采集员在处置部门到达之后方可离开
,,,,破损、缺失,3工作日,修复,,,,,
,,,,外观不洁,1工作日,清洁,,,,,
,,25,非机动车停放点,设施破损、缺失、变形、锈蚀明显,3工作日,修复,运城市城市管理局、盐湖区政府、运城市经济开发区,运城市园林绿化服务中心、各产权单位、所属街办、属地行政执法部门,"1、《城市道路管理条例》颁布单位：国务院，2019年3月24日修订；
2、《城市市容和环境卫生管理条例》颁布单位：国务院，2017年3月1日修正","1、《城市道路管理条例》第二十三条，设在城市道路上的各类管线的检查井、箱盖或者城市道路附属设施，应当符合城市道路养护规范。因缺损影响交通和安全时，有关产权单位应当及时补缺或者修复。
2、《城市市容和环境卫生管理条例》第十二条，城市中的市政公用设施，应当与周围环境相协调，并维护和保持设施完好、整洁。",1、停放点有生活垃圾或路面不洁以事件中大类/市容环境中“暴露垃圾”、“道路不洁”小类采集。                                                     2、含公园广场。
,,,,场地标线明显不清,3工作日,修复,,,,,
,,,,环境脏乱,4工作时,清洁,,,,,
,,30,水域标示牌,倾倒、倾斜、变形,3工作日,恢复,运城市城市管理局、运城市水务局,运城市园林绿化服务中心、河道管理部门、各产权单位,"1、《中华人民共和国河道管理条例》颁布单位：国务院，2018年3月19日修正；
2、《城市市容和环境卫生管理条例》颁布单位：国务院，2017年3月1日修正","1、《中华人民共和国河道管理条例》第十四条，堤防上已修建的涵闸、泵站和埋设的穿堤管道、缆线等建筑物及设施，河道主管机关应当定期检查，对不符合工程安全要求的，限期改建。
2、《城市市容和环境卫生管理条例》第十二条，城市中的市政公用设施，应当与周围环境相协调，并维护和保持设施完好、整洁。",轻微卷边、划痕、脏污、锈蚀等不采集
,,,,破损、缺失,3工作日,修复,,,,,
,,,,内容错误,2工作日,更换,,,,,
,,,,外观不洁,1工作日,清洁,,,,,
,,,,废弃、遗留残桩,3工作日,清除,,,,,
03,市容环境设施,01,公共厕所,配套设施破损、缺失,3工作日,修复,运城市城市管理局,运城市市容环卫中心、运城市园林绿化服务中心、各产权单位,1、《城市公厕管理办法》颁布单位：建设部，2010年12月31日修订；                            2、《城市市容和环境卫生管理条例》颁布单位：国务院，2017年3月1日修正；                                                               ,"1、《城市公厕管理办法》第六条，城市公厕应当按照""全面规划、合理布局、改建并重、卫生适用、方便群众、水厕为主、有利排运""的原则，进行规划建设。第十条，建设单位应当按照要求修建公厕，并向社会开放使用。第十一条，城市公厕的建设和维修管理，分别由城市环境卫生单位和有关单位负责。第十三条，公共建筑没有附设公厕或者原有公厕及其卫生设施不足的，应当按照要求进行新建、扩建或者改造。第十九条，保持公厕的清洁、卫生和设备、设施完好。第二十条，城市人民政府环境卫生行政主管部门应当对公厕的卫生及设备、设施等进行检查。                                                                                                                                                                                     2、《城市市容和环境卫生管理条例》第二十条，市容环境卫生行政主管部门，应当根据城市居住人口密度和流动人口数量以及公共场所等特定地区的需要，制定公共厕所建设规划，并按照规定的标准，建设、改造或者支持有关单位建设、改造公共厕所。第二十二条，一切单位和个人都不得擅自拆除环境卫生设施;因建设需要必须拆除的，建设单位必须事先提出拆迁方案，报城市人民政府市容环境卫生行政主管部门批准。第三十六条，未经批准擅自拆除环境卫生设施或者未按批准的拆迁方案进行拆迁的，由市容环境卫生行政主管部门责                                    ","1.在道路拆迁改造范围内拆除的不采集。
2.需拍清正常开放时间，写明未按时开放的时间段
                   "
,,,,未免费提供便民设施(洗手液、手纸等）,4工作时,整改,,,,,
,,,,无管理、服务工作人员,4工作时,整改,,,,,
,,,,环境脏乱、异味明显（含公厕外5米区域）,1工作日,清洁,,,,,
,,,,未按时开放,4工作时,恢复,,,,,
,,,,工具摆放不整齐,4工作时,恢复,,,,,
,,,,标示牌内容错误,2工作日,修复或更换,,,,,
,,,,未设置轮椅通道、扶手、缘石坡等无障碍设施，以及方便残疾人或老年人带扶手的坐便器或蹲便器,5工作日,设置或告知性结案,,,,,
,,02,公厕指示牌,倾倒、倾斜,2工作日,恢复,运城市城市管理局,运城市市容环卫中心、运城市园林绿化服务中心、各产权单位,1、《城市公厕管理办法》颁布单位：建设部，2010年12月31日修订；                                     2、《城市市容和环境卫生管理条例》颁布单位：国务院，2017年3月1日修正；                      ,1、《城市公厕管理办法》第八条，公共场所应当设置公厕，并应当设立明显的标志或指路牌。第十九条，城市公厕的保洁，保持公厕的清洁、卫生和设备、设施完好。                                                                                                                                                                            2、《城市市容和环境卫生管理条例》第十二条，市政公用设施，应当与周围环境相协调，并维护和保持设施完好、整洁。                                                                                                                   ,"1.轻微损坏不影响市容的不采集
2.内容错误的要描述清楚，方位距离错误还是指向错误
3.废弃的指示牌要描述周边是否已无公厕"
,,,,变形、破损、缺失、严重锈蚀,3工作日,修复,,,,,
,,,,内容错误,2工作日,更换,,,,,
,,,,外观不洁,1工作日,清洁,,,,,
,,,,废弃、遗留残桩,3工作日,清除,,,,,
,,03,化粪池,盖板缺失、移位,4紧急工作时,围护、修复,运城市城市管理局、盐湖区政府、运城市经济开发区,运城市市容环卫中心、各产权单位,1、《城市公厕管理办法》颁布单位：建设部，2010年12月31日修订；                                          2、《城市市容和环境卫生管理条例》颁布单位：国务院，2017年3月1日修正；                     ,1、《城市公厕管理办法》第十九条，城市公厕的保洁，保持公厕的清洁、卫生和设备、设施完好。                                                         2、《城市市容和环境卫生管理条例》第十二条，城市中的市政公用设施，应当与周围环境相协调，并维护和保持设施完好、整洁。第十八条，城市中的环境卫生设施，应当符合国家规定的城市环境卫生标准。第二十八条，对垃圾、粪便应当及时清运、并逐步做到垃圾、粪便的无害化处理和综合利用。,化粪池盖板边角轻微缺角，不影响安全的不采集
,,,,盖板破损,2工作日,修复,,,,,
,,,,污物外溢,1工作日,清理,,,,,
,,04,垃圾中转站,建筑主体及附属设施损坏、缺失,2工作日,修复,运城市城市管理局,运城市市容环卫中心、各产权单位,1、《城市生活垃圾管理办法》颁布单位：建设部，2007年7月1日起施行；                                                      2、《城市市容和环境卫生管理条例》颁布单位：国务院，2017年3月1日修正；                           3、《市容环境卫生管理办法》颁布单位：山西省人大，2000年3月31日修订,1、《城市生活垃圾管理办法》第十三条，任何单位和个人不得擅自关闭、闲置或者拆除城市生活垃圾处置设施、场所。第二十条，（一）按照环境卫生作业标准和作业规范，在规定的时间内及时清扫，收运城市生活垃圾。（三）清扬、收运城市生活垃圾后，对生活垃圾收集设施及时保洁、复位，清理作业场地，保持生活垃圾收集设施和周边环境的干净整洁。                                                2、《城市市容和环境卫生管理条例》第十二条，城市中的市政公用设施，应当与周围环境相协调，并维护和保持设施完好、整洁。第十八条，城市中的环境卫生设施，应当符合国家规定的城市环境卫生标准。第二十一条，城市街道两侧、居住区或者人流密集地区，应当设置封闭式垃圾容器、果皮箱等设施。第三十七条凡不符合城市容貌标准、环境卫生标准的建筑物或者设施，由城市人民政府市容环境卫生行政主管部门会同城市规划行政主管部门，责令有关单位和个人限期改造或者拆除；逾期未改造或者未拆除的，经县级以上人民政府批准，由城市人民政府市容环境卫生行政主管部门或者城市规划行政主管部门组织强制拆除，并可处以罚款。                                                                                                                            ,在道路拆迁改造范围内拆除的不采集            
,,,,环境脏乱、污水外流、异味明显,1工作日,清理干净、消除,,,,,
,,,,周边5米之内环境、秩序脏乱,1工作日,清理、整改,,,,,
,,,,清运不及时,4工作时,清运,,,,,
,,05,垃圾箱（果皮箱、桶）,垃圾箱（果皮箱、桶）箱体倾斜、倾倒，箱门未关闭,1工作日,恢复,运城市城市管理局、盐湖区政府、运城市经济开发区,运城市市容环卫中心、运城市园林绿化服务中心、各产权单位,《城市市容和环境卫生管理条例》颁布单位：国务院，2017年3月1日修正；              ,1、《城市生活垃圾管理办法》第十三条，任何单位和个人不得擅自关闭、闲置或者拆除城市生活垃圾处置设施、场所。                                                                                                  2、《城市市容和环境卫生管理条例》第十二条，城市中的市政公用设施，应当与周围环境相协调，并维护和保持设施完好、整洁。第十八条，城市中的环境卫生设施，应当符合国家规定的城市环境卫生标准。第三十七条凡不符合城市容貌标准、环境卫生标准的建筑物或者设施，由城市人民政府市容环境卫生行政主管部门会同城市规划行政主管部门，责令有关单位和个人限期改造或者拆除；逾期未改造或者未拆除的，经县级以上人民政府批准，由城市人民政府市容环境卫生行政主管部门或者城市规划行政主管部门组织强制拆除，并可处以罚款。                                                                                                                                                                                                                                                        ,垃圾箱(果皮箱)门打开问题，监督员自行处置无法关上时，在描述中注明无法关上。
,,,,垃圾箱（果皮箱、桶）箱体变形、破损、缺失、严重锈蚀,3工作日,修复,,,,,
,,,,垃圾箱（果皮箱、桶）配套设施破损、缺失,3工作日,修复,,,,,
,,,,垃圾箱（果皮箱、桶）字体标识字迹不全、模糊不清,3工作日,整改,,,,,
,,,,垃圾箱（果皮箱、桶）外观不洁,1工作日,清洁,,,,,
,,,,垃圾箱（果皮箱、桶）未按规定位置摆放,4工作时,恢复,,,,,
03,市容环境设施,06,户外广告,倾斜、倾倒,1工作日,恢复,运城市城市管理局、盐湖区政府、运城市经济开发区,运城市城市管理综合行政执法队、所属街办、属地行政执法部门、各产权单位,1、《城市市容和环境卫生管理条例》颁布单位：国务院，2017年3月1日修正； 2、《山西省城市市容和环境卫生管理实施办法》颁布单位，山西省人民政府，2011年1月28日修订。,"1、《城市市容和环境卫生管理条例》第十一条，在城市中设置户外广告、标语牌、画廊、橱窗等，应当内容健康、外型美观，并定期维修、油饰或者拆除。第十二条，市政公用设施，应当与周围环境相协调，并维护和保持设施完好、整洁。第三十七条凡不符合城市容貌标准、环境卫生标准的建筑物或者设施，由城市人民政府市容环境卫生行政主管部门会同城市规划行政主管部门，责令有关单位和个人限期改造或者拆除；逾期未改造或者未拆除的，经县级以上人民政府批准，由城市人民政府市容环境卫生行政主管部门或者城市规划行政主管部门组织强制拆除，并可处以罚款。                                                                                                                                                                         2、《山西省城市市容和环境卫生管理实施办法》第十一条，牌匾设置与规格应符合国家和当地政府有关规定。各种牌匾和广告的文字要规范。设置橱窗和贴挂宣传品，外型要与周围环境相协调。大型户外广告的设置必须经城市市容环境卫生行政主管部门同意，内容须经有关部门审核批准后，方可按指定位置、时间设置或悬挂，并要定期维修、油饰或按时拆除。                  
","1.轻微卷边、划痕、脏污、锈蚀等不采集
2.违规设置牌匾标识以事件中宣传广告大类里违规牌匾标识小类采集
3.牌匾标识文字不规范以事件中宣传广告大类里广告语言文字不规范小类采集"
,,,,破损、缺失、变形、严重锈蚀,2工作日,修复,,,,,
,,,,电子屏广告花屏、缺亮,2工作日,修复或更换,,,,,
,,,,外观不洁,1工作日,清洁,,,,,
,,,,废弃,3工作日,拆除,,,,,
,,07,牌匾标识,倾倒、倾斜,1工作日,恢复,运城市城市管理局、盐湖区政府、运城市经济开发区,所属街办、属地行政执法部门、各产权单位,《城市市容和环境卫生管理条例》颁布单位：国务院，2017年3月1日修正； 2、《山西省城市市容和环境卫生管理实施办法》颁布单位，山西省人民政府，2011年1月28日修订。                          ,"1、《城市市容和环境卫生管理条例》第十一条，在城市中设置户外广告、标语牌、画廊、橱窗等，应当内容健康、外型美观，并定期维修、油饰或者拆除。第十二条，城市中的市政公用设施，应当与周围环境相协调，并维护和保持设施完好、整洁。第三十七条凡不符合城市容貌标准、环境卫生标准的建筑物或者设施，由城市人民政府市容环境卫生行政主管部门会同城市规划行政主管部门，责令有关单位和个人限期改造或者拆除；逾期未改造或者未拆除的，经县级以上人民政府批准，由城市人民政府市容环境卫生行政主管部门或者城市规划行政主管部门组织强制拆除，并可处以罚款。  2、《山西省城市市容和环境卫生管理实施办法》第十一条，牌匾设置与规格应符合国家和当地政府有关规定。各种牌匾和广告的文字要规范。设置橱窗和贴挂宣传品，外型要与周围环境相协调。大型户外广告的设置必须经城市市容环境卫生行政主管部门同意，内容须经有关部门审核批准后，方可按指定位置、时间设置或悬挂，并要定期维修、油饰或按时拆除。                                              
","1.轻微卷边、划痕、脏污、锈蚀等不采集
2.违规设置牌匾标识以事件中宣传广告大类里违规牌匾标识小类采集
3.牌匾标识文字不规范以事件中宣传广告大类里广告语言文字不规范小类采集"
,,,,破损、缺失、变形、严重锈蚀,2工作日,修复,,,,,
,,,,外观不洁,1工作日,清洁,,,,,
,,,,内容错误,5工作日,整改,,,,,
,,,,废弃,2工作日,拆除,,,,,
,,08,宣传栏,倾倒、倾斜,1工作日,恢复,运城市城市管理局、运城市民政局、运城市公安局、盐湖区政府、运城市经济开发区,运城市园林绿化服务中心、所属街办、属地行政执法部门、各产权单位,1、《城市市容和环境卫生管理条例》颁布单位：国务院，2017年3月1日修正； 2、《山西省城市市容和环境卫生管理实施办法》颁布单位，山西省人民政府，2011年1月28日修订。," 1、《城市市容和环境卫生管理条例》第十一条，在城市中设置户外广告、标语牌、画廊、橱窗等，应当内容健康、外型美观，并定期维修、油饰或者拆除。第十二条，市政公用设施，应当与周围环境相协调，并维护和保持设施完好、整洁。第三十七条凡不符合城市容貌标准、环境卫生标准的建筑物或者设施，由城市人民政府市容环境卫生行政主管部门会同城市规划行政主管部门，责令有关单位和个人限期改造或者拆除；逾期未改造或者未拆除的，经县级以上人民政府批准，由城市人民政府市容环境卫生行政主管部门或者城市规划行政主管部门组织强制拆除，并可处以罚款。                                                                                                                                                             2、《山西省城市市容和环境卫生管理实施办法》第十一条，牌匾设置与规格应符合国家和当地政府有关规定。各种牌匾和广告的文字要规范。设置橱窗和贴挂宣传品，外型要与周围环境相协调。大型户外广告的设置必须经城市市容环境卫生行政主管部门同意，内容须经有关部门审核批准后，方可按指定位置、时间设置或悬挂，并要定期维修、油饰或按时拆除。                                              
                                                                                                    ","1.宣传内容错误需写明如何错误
2.内容逾期应拍清宣传内容逾期或与实时内容不符的部分
3.轻微脏污、锈蚀不进行上报"
,,,,破损、缺失、变形、严重锈蚀,3工作日,修复,,,,,
,,,,内容错误,3工作日,修复或更换,,,,,
,,,,废弃、遗留残桩,3工作日,清除,,,,,
,,,,外观不洁,4工作时,清洁,,,,,
04,园林绿化设施,01,古树名木,倒伏、倾斜、断枝,1工作日,清理或采取保护性措施,运城市城市管理局,运城市园林绿化服务中心、各产权单位,"1、《城市绿化条例》颁布单位：国务院，2017年03月01修订；
2、《城市古树名木管理办法》颁布单位：建设部，2000年9月1日执行；
","1、《城市绿化条例》第二十四条，对城市古树名木实行统一管理，分别养护。城市人民政府城市绿化行政主管部门，应当建立古树名木的档案和标志，划定保护范围，加强养护管理。在单位管界内或者私人庭院内的古树名木，由该单位或者居民负责养护，城市人民政府城市绿化行政主管部门负责监督和技术指导。严禁砍伐或者迁移古树名木。因特殊需要迁移古树名木，必须经城市人民政府城市绿化行政主管部门审查同意，并报同级或者上级人民政府批准。
2、《城市古树名木管理办法》第十条，古树名木养护责任单位或者责任人应按照城市园林绿化行政主管部门规定的养护管理措施保护管理。古树名木受到损害或者长势衰弱，养护单位和个人应当立即报告城市园林行政主管部门，由城市园林绿化行政主管部门组织治理复壮。对已死亡的古树名木，应当经城市园林绿化行政主管部门确认，查明原因，明确责任并予以注销登记后，方可进行处理。处理结果应及时上报省、自治区建设行政主管部门或者直辖市园林绿化行政主管部门。
",属自然生长倾斜根部无松动不采集
,,,,枯死,2工作日,清理,,,,,
04,园林绿化设施,02,行道树,倒伏、倾斜、断枝,1工作日,清理或采取保护性措施,运城市城市管理局、盐湖区政府、运城市经济开发区,运城市园林绿化服务中心、各产权单位,"《城市绿化条例》颁布单位：国务院，2017年03月01修订；
","《城市绿化条例》第二十三条，为保证管线的安全使用需要修剪树木时，必须经城市人民政府城市绿化行政主管部门批准，按照兼顾管线安全使用和树木正常生长的原则进行修剪。承担修剪费用的办法，由城市人民政府规定。因不可抗力致使树木倾斜危及管线安全时，管线管理单位可以先行修剪、扶正或者砍伐树木，但是，应当及时报告城市人民政府城市绿化行政主管部门和绿地管理单位。
","1树木自然生长造成的倾斜不采集
2.细小的枯枝无安全隐患不采集
3.枯树、死树或树木缺失在非种植季节不采集  "
,,,,缺失,种植季节15工作日,补种,,,,,
,,,,枯死,2工作日,清理,,,,,
,,,,修剪不及时影响人车通行,2工作日,修剪,,,,,
,,04,护树设施,破损、缺失、变形、锈蚀明显等,3工作日,修复或更换,运城市城市管理局、盐湖区政府、运城市经济开发区,运城市园林绿化服务中心、运城市市政公用服务中心、各产权单位,"1、《城市市容和环境卫生管理条例》颁布单位：国务院，2017年3月1日修订；
2、《城市绿化条例》颁布单位：国务院，2017年03月01修订；","1、《城市市容和环境卫生管理条例》第十二条，城市中的市政公用设施，应当与周围环境相协调，并维护和保持设施完好、整洁。
2、《城市绿化条例》第十条，城市绿化规划应当根据当地的特点，利用原有的地形、地貌、水体、植被和历史文化遗址等自然、人文条件，以方便群众为原则，合理设置公共绿地、居住区绿地、防护绿地、生产绿地和风景林地等”。第十三条：“城市绿化规划应当因地制宜地规划不同类型的防护绿地。各有关单位应当依照国家有关规定，负责本单位管界内防护绿地的绿化建设”。第二十二条，“城市的绿地管理单位，应当建立、健全管理制度，保持树木花草繁茂及绿化设施完好。
第十二条，城市中的市政公用设施，应当与周围环境相协调，并维护和保持设施完好、整洁。
","1.新栽树木支架缺失一根不影响支护效果的不采集
2.树池箅子(缺损1/16)、护树围栏（布）破损1平方米以下不影响通行及观瞻不采集
3.因树根自然生长引起的树穴周边拱起未对通行造成影响不采集"
,,,,树池篦子破损超过1/16的,3工作日,修复或更换,,,,,
,,,,外观不洁,1工作日,清洁,,,,,
,,,,废弃,3工作日,拆除,,,,,
,,05,花钵花架,倾倒、倾斜、影响交通,1工作日,恢复,运城市城市管理局、盐湖区政府、运城市经济开发区,运城市园林绿化服务中心、各产权单位,"《城市市容和环境卫生管理条例》颁布单位：国务院，2017年3月1日修订；
","《城市市容和环境卫生管理条例》第十二条，城市中的市政公用设施，应当与周围环境相协调，并维护和保持设施完好、整洁。第三十七条凡不符合城市容貌标准、环境卫生标准的建筑物或者设施，由城市人民政府市容环境卫生行政主管部门会同城市规划行政主管部门，责令有关单位和个人限期改造或者拆除；逾期未改造或者未拆除的，经县级以上人民政府批准，由城市人民政府市容环境卫生行政主管部门或者城市规划行政主管部门组织强制拆除，并可处以罚款。
",非种植季节花架花钵内无植被容易造成扬尘现象需进行覆盖或苫盖无覆盖措施的以本小类采集并描述清楚
,,,,破损、缺失,3工作日,修复或恢复,,,,,
,,,,植株长势不良、枯死,1工作日,修剪或更换,,,,,
,,,,外观不洁,1工作日,清洁,,,,,
,,,,废弃,1工作日,拆除,,,,,
,,06,雕塑,倾倒、倾斜,5工作日,恢复,运城市城市管理局、盐湖区政府、运城市经济开发区,运城市园林绿化服务中心、各产权单位,"《城市市容和环境卫生管理条例》颁布单位：国务院，2017年3月1日修订；

","《城市市容和环境卫生管理条例》第十二条，城市中的市政公用设施，应当与周围环境相协调，并维护和保持设施完好、整洁。第三十七条凡不符合城市容貌标准、环境卫生标准的建筑物或者设施，由城市人民政府市容环境卫生行政主管部门会同城市规划行政主管部门，责令有关单位和个人限期改造或者拆除；逾期未改造或者未拆除的，经县级以上人民政府批准，由城市人民政府市容环境卫生行政主管部门或者城市规划行政主管部门组织强制拆除，并可处以罚款。
",上报时拍一张雕塑整体照片，另拍一张破损位置照片，并在上报内容中对损坏的问题描述清楚
,,,,破损、缺失,5工作日,修复或恢复,,,,,
,,,,外观不洁,1工作日,清洁,,,,,
,,,,废弃、遗留残桩,3工作日,清除,,,,,
,,07,街头座椅,破损、锈蚀,3工作日,更换或修复,运城市城市管理局、盐湖区政府、运城市经济开发区,运城市园林绿化服务中心、运城市市容环卫服务中心、各产权单位,"《城市市容和环境卫生管理条例》颁布单位：国务院，2017年3月1日修订；
","《城市市容和环境卫生管理条例》第十二条，城市中的市政公用设施，应当与周围环境相协调，并维护和保持设施完好、整洁。第三十七条凡不符合城市容貌标准、环境卫生标准的建筑物或者设施，由城市人民政府市容环境卫生行政主管部门会同城市规划行政主管部门，责令有关单位和个人限期改造或者拆除；逾期未改造或者未拆除的，经县级以上人民政府批准，由城市人民政府市容环境卫生行政主管部门或者城市规划行政主管部门组织强制拆除，并可处以罚款。
",街头座椅缺失的需与周边居民了解是否为统一拆除，如属同一拆除不采集
,,,,倾斜、倾倒,1工作日,恢复,,,,,
,,,,外观不洁,1工作日,清洁,,,,,
,,,,废弃,3工作日,拆除,,,,,
,,08,绿地护栏,倾倒、倾斜,1工作日,恢复或更换,运城市城市管理局、盐湖区政府、运城市经济开发区,运城市城市管理局园林管理科、运城市园林绿化服务中心、各产权单位,"1、《城市市容和环境卫生管理条例》颁布单位：国务院，2017年3月1日修订；
2、《城市绿化条例》
颁布单位：国务院颁布，2017年03月01修订；
","1、《城市市容和环境卫生管理条例》第十二条，城市中的市政公用设施，应当与周围环境相协调，并维护和保持设施完好、整洁。
2、《城市绿化条例》第十条，城市绿化规划应当根据当地的特点，利用原有的地形、地貌、水体、植被和历史文化遗址等自然、人文条件，以方便群众为原则，合理设置公共绿地、居住区绿地、防护绿地、生产绿地和风景林地等。
第十三条，城市绿化规划应当因地制宜地规划不同类型的防护绿地。各有关单位应当依照国家有关规定，负责本单位管界内防护绿地的绿化建设。
第十八条，任何单位和个人都不得擅自改变城市绿化规划用地性质或者破坏绿化规划用地的地形、地貌、水体和植被。
第二十七条，未经同意擅自占用城市绿化用地的，由城市人民政府城市绿化行政主管部门责令限期退还、恢复原状，可以并处罚款;造成损失的，应当负赔偿责任。
",整段绿化护栏缺失的需与周边单位了解缺失原因，是整体拆除还是重新定制，按照实际情况进行上报
,,,,变形、破损、缺失、严重锈蚀,3工作日,修复或更换,,,,,
,,,,外观不洁,1工作日,清洁,,,,,
,,,,废弃,3工作日,拆除,,,,,
,,09,绿地附属设施,漏水,2紧急工作时,止水,运城市城市管理局、盐湖区政府、运城市经济开发区,运城市园林绿化服务中心、各产权单位,"《城市市容和环境卫生管理条例》颁布单位：国务院，2017年3月1日修订；
","《城市市容和环境卫生管理条例》第十二条　城市中的市政公用设施，应当与周围环境相协调，并维护和保持设施完好、整洁。第三十七条凡不符合城市容貌标准、环境卫生标准的建筑物或者设施，由城市人民政府市容环境卫生行政主管部门会同城市规划行政主管部门，责令有关单位和个人限期改造或者拆除；逾期未改造或者未拆除的，经县级以上人民政府批准，由城市人民政府市容环境卫生行政主管部门或者城市规划行政主管部门组织强制拆除，并可处以罚款。

",需了解是什么设施，损坏多久，与周边了解是否已废弃以长期无人使用，并再上报内容中详细描述
,,,,内容错误,1工作日,更换,,,,,
,,,,倾倒、倾斜、变形,1工作日,恢复,,,,,
,,,,破损,3工作日,修复,,,,,
,,,,外观不洁,1工作日,清洁,,,,,
,,,,废弃,3工作日,拆除,,,,,
04,园林绿化设施,10,喷泉,大量跑水,2紧急工作时,修复,运城市城市管理局、盐湖区政府、运城市经济开发区,运城市园林绿化服务中心、各产权单位,"《城市市容和环境卫生管理条例》颁布单位：国务院，2017年3月1日修订；
","《城市市容和环境卫生管理条例》第十二条，城市中的市政公用设施，应当与周围环境相协调，并维护和保持设施完好、整洁。第三十七条凡不符合城市容貌标准、环境卫生标准的建筑物或者设施，由城市人民政府市容环境卫生行政主管部门会同城市规划行政主管部门，责令有关单位和个人限期改造或者拆除；逾期未改造或者未拆除的，经县级以上人民政府批准，由城市人民政府市容环境卫生行政主管部门或者城市规划行政主管部门组织强制拆除，并可处以罚款。
",上报时拍一张喷泉整体照片，另拍一张破损位置照片，并在上报内容中对损坏设施描述清楚
,,,,破损、功能缺失,5工作日,修复,,,,,
,,,,池水不洁,2工作日,清洁,,,,,
,,,,警示标志牌缺失,1工作日,恢复,,,,,
,,,,废弃,7工作日,拆除,,,,,
05,其他部件,03,车辆加油（气、电）站,附属设施明显破损、缺失、锈蚀明显、字体缺失,2工作日,更换或修复,运城市城市管理局、运城市市场监督管理局、运城市应急管理局、运城市能源局,运城市城市集中供热供气服务中心及各供油、供气、供电管理部门、各产权单位,1、《城市市容和环境卫生管理条例》颁布单位：国务院，2017年3月1日修订；                                2、《危险化学品安全管理条例》颁布单位：国务院，2013年12月7日修正,1、《城市市容和环境卫生管理条例》第十二条，城市中的市政公用设施，应当与周围环境相协调，并维护和保持设施完好、整洁。                                                                   2、《危险化学品安全管理条例》第五条，任何单位和个人不得生产、经营、使用国家禁止生产、经营、使用的危险化学品。国家对危险化学品的使用有限制性规定的，任何单位和个人不得违反限制性规定使用危险化学品。,1.尽量提供现场异味来源，扩散面积，是否已影响设施的使用                                                         2.加油、加气、加电的设施是否有损坏，影响使用的上报                                                                   3.出口、入口、站内设置的安全警示语、警示牌是否正常、完好
,,,,异味明显,4工作时,排除险情、修复,,,,,
,,,,环境脏乱,4工作时,清洁,,,,,
,,04,液化气站,异味明显,2紧急工作时,排除险情、修复,运城市城市管理局、运城市应急管理局,运城市城市集中供热供气服务中心、各产权单位,1、《消防法》颁布单位：全国人大，2019年4月23日施行；                                                     2、《山西省燃气管理条例》颁布单位：省人大，2001年1月1日施行；                                         ,"1、《中华人民共和国消防法》第十九条，生产、储存、经营易燃易爆危险品的场所不得与居住场所设置在同一建筑物内，并应当与居住场所保持安全距离。                                                                                                                                                                                             2、《山西省燃气管理条例》第三十七条，燃气生产、销售企业应当建立燃气设施巡查制度，定期对燃气设施进行检修，并制定燃气事故的应急处理方案。发生燃气事故，对燃气设施抢修时，有关单位和个人应当给予配合。不得以任何理由阻挠或者干扰抢修工作的进行。燃气设施的管理和维修由燃气生产和销售企业负责组织实施，所发生的费用由产权所有者负担。
                       ","1.站内设置的安全警示语、警示牌是否正常、完好
2.消防设施是否完整，拍清损坏情况"
,,,,附属设施明显破损、缺失、严重锈蚀、字体缺失,1工作日,修复,,,,,
,,,,环境脏乱,1工作日,清洁,,,,,
,,06,水域附属设施,倾倒、倾斜,1工作日,恢复,运城市城市管理局、运城市水务局,运城市市政公用服务中心、运城市园林绿化服务中心、各产权单位,1、《城市市容和环境卫生管理条例》颁布单位：国务院，2017年3月1日修订；2、《山西省城乡环境综合治理条例》颁布单位：山西省人大，2017年7月4日通过,"1、《城市市容和环境卫生管理条例》第十二条，城市中的市政公用设施，应当与周围环境相协调，并维护和保持设施完好、整洁。
2、《山西省城乡环境综合治理条例》第三十七条,城乡水域水体应当保持清洁;水域堤岸应当绿化美化;桥梁、管道、闸门、亲水平台等附属设施应当整洁完好",水域护栏以本大类水域护栏小类采集
,,,,变形、破损、缺失、严重锈蚀,3工作日,修复,,,,,
,,,,标志、标识、安全警示牌设置位置不醒目；未配备营救设施和工具,3工作日,整改,,,,,
,,,,坡岸及亲水平台损坏、不整洁,3工作日,修复,,,,,
,,,,废弃,3工作日,拆除,,,,,
,,,,外观不洁，存在积灰、污渍、蛛网等,1工作日,清洁,,,,,
,,07,水域护栏,缺失、倾倒、倾斜、变形、破损、严重锈蚀,3工作日,更换或修复,运城市城市管理局、运城市水务局,运城市市政公用服务中心、运城市园林绿化服务中心、各产权单位,1、《城市市容和环境卫生管理条例》颁布单位：国务院，2017年3月1日修订；2、《山西省城乡环境综合治理条例》颁布单位：山西省人大，2017年7月4日通过,"1、《城市市容和环境卫生管理条例》第十二条，城市中的市政公用设施，应当与周围环境相协调，并维护和保持设施完好、整洁。
2、《山西省城乡环境综合治理条例》第三十七条,城乡水域水体应当保持清洁;水域堤岸应当绿化美化;桥梁、管道、闸门、亲水平台等附属设施应当整洁完好",破损宽度超过0.5米按本小类第一条“缺失”采集
,,,,废弃,3工作日,拆除,,,,,
,,,,外观不洁，存在积灰、污渍、蛛网等,1工作日,清洁,,,,,
05,其他部件,08,防汛墙,墙体及其附属设施破损、倾斜、垮塌,3工作日,更换或修复,运城市城市管理局、运城市水务局,运城市园林绿化服务中心、各产权单位,《中华人民共和国防汛条例》颁布单位：国务院，2011年1月8日修订,"《中华人民共和国防汛条例》第九条，河道管理机构、水利水电工程管理单位和江河沿岸在建工程的建设单位，必须加强对所辖水工程设施的管理维护，保证其安全正常运行，组织和参加防汛抗洪工作。第十五条,各级防汛指挥部应当在汛前对各类防洪设施组织检查，发现影响防洪安全的问题，责成责任单位在规定的期限内处理，不得贻误防汛抗洪工作
","1.墙体上只是轻微裂缝（或轻微裂缝有支撑物），曾进行过上报，且已提出过处理意见，之后并未出现明显变化，建议不再上报
2.墙体以及设施破损、缺失、倾斜严重，存在安全隐患的采集
3.设施锈蚀超过单面三分之一采集，墙体不洁请拍清不洁情况、面积，同一路段的墙体多处不洁，且无影响的建议进行统一上报"
,,,,墙体不洁,1工作日,清洁,,,,,
